Cells and proteins	0		0		0		#Cells and proteins
Cells and proteins	1	Laboratory techniques for biologists	a	Health and safety			Substances, organisms, and equipment in a laboratory can present a hazard
Cells and proteins	1	Laboratory techniques for biologists	a	Health and safety			Hazard, risk, and control of risk in the lab by risk assessment
Cells and proteins	1	Laboratory techniques for biologists	b	Liquids and solutions			Method and uses of linear and log dilution
Cells and proteins	1	Laboratory techniques for biologists	b	Liquids and solutions			Production of a standard curve to determine an unknown
Cells and proteins	1	Laboratory techniques for biologists	b	Liquids and solutions			Use of buffers to control pH
Cells and proteins	1	Laboratory techniques for biologists	b	Liquids and solutions			Method and uses of a colorimeter to quantify concentration and turbidity
Cells and proteins	1	Laboratory techniques for biologists	c	Separation techniques			Use of centrifuge to separate substances of differing density
Cells and proteins	1	Laboratory techniques for biologists	c	Separation techniques			Paper and thin layer chromatography can be used for separating different substances such as amino acids and sugars
Cells and proteins	1	Laboratory techniques for biologists	c	Separation techniques			Principle of affinity chromatography and its use in separating proteins
Cells and proteins	1	Laboratory techniques for biologists	c	Separation techniques			Principle of gel electrophoresis and its use in separating proteins and nucleic acids
Cells and proteins	1	Laboratory techniques for biologists	c	Separation techniques			Native gels separate proteins by their shape, size and charge
Cells and proteins	1	Laboratory techniques for biologists	c	Separation techniques			SDS–PAGE separates proteins by size alone
Cells and proteins	1	Laboratory techniques for biologists	c	Separation techniques			Proteins can be separated from a mixture using their isoelectric points (IEPs)
Cells and proteins	1	Laboratory techniques for biologists	c	Separation techniques			If the solution is buffered to a specific pH, only the protein(s) that have an IEP of that pH will precipitate
Cells and proteins	1	Laboratory techniques for biologists	c	Separation techniques			Proteins can also be separated using their IEPs in electrophoresis
Cells and proteins	1	Laboratory techniques for biologists	d	Detecting proteins using antibodies			Immunoassay techniques are used to detect and identify specific proteins
Cells and proteins	1	Laboratory techniques for biologists	d	Detecting proteins using antibodies			These techniques use stocks of antibodies with the same specificity, known as monoclonal antibodies
Cells and proteins	1	Laboratory techniques for biologists	d	Detecting proteins using antibodies			An antibody specific to the protein antigen is linked to a chemical ‘label’
Cells and proteins	1	Laboratory techniques for biologists	d	Detecting proteins using antibodies			Western blotting is a technique, used after SDS–PAGE electrophoresis
Cells and proteins	1	Laboratory techniques for biologists	d	Detecting proteins using antibodies			The separated proteins from the gel are transferred (blotted) onto a solid medium
Cells and proteins	1	Laboratory techniques for biologists	d	Detecting proteins using antibodies			The proteins can be identified using specific antibodies that have reporter enzymes attached
Cells and proteins	1	Laboratory techniques for biologists	e	Microscopy			Bright-field microscopy is commonly used to observe whole organisms, parts of organisms, thin sections of dissected tissue or individual cells
Cells and proteins	1	Laboratory techniques for biologists	e	Microscopy			Fluorescence microscopy uses specific fluorescent labels to bind to and visualise certain molecules or structures within cells or tissues
Cells and proteins	1	Laboratory techniques for biologists	f	Aseptic technique and cell culture			Aseptic technique eliminates unwanted microbial contaminants when culturing  micro-organisms or cells
Cells and proteins	1	Laboratory techniques for biologists	f	Aseptic technique and cell culture			A microbial culture can be started using an inoculum of microbial cells on an agar medium, or in a broth with suitable nutrients
Cells and proteins	1	Laboratory techniques for biologists	f	Aseptic technique and cell culture			Animal cells are grown in medium containing growth factors from serum
Cells and proteins	1	Laboratory techniques for biologists	f	Aseptic technique and cell culture			In culture, primary cell lines can divide a limited number of times, whereas tumour cells lines can perform unlimited divisions
Cells and proteins	1	Laboratory techniques for biologists	f	Aseptic technique and cell culture			Plating out of a liquid microbial culture on solid media allows the number of colony-forming units to be counted and the density of cells in the culture estimated
Cells and proteins	1	Laboratory techniques for biologists	f	Aseptic technique and cell culture			Serial dilution is often needed to achieve a suitable colony count
Cells and proteins	1	Laboratory techniques for biologists	f	Aseptic technique and cell culture			Method and use of haemocytometer to estimate cell numbers in a liquid culture
Cells and proteins	1	Laboratory techniques for biologists	f	Aseptic technique and cell culture			Vital staining is required to identify and count viable cells
Cells and proteins	2	Proteins	a	The proteome			The proteome is the entire set of proteins expressed by a genome
Cells and proteins	2	Proteins	a	The proteome			The proteome is larger than the number of genes, particularly in eukaryotes, because more than one protein can be produced from a single gene as a result of alternative RNA splicing
Cells and proteins	2	Proteins	a	The proteome			Not all genes are expressed as proteins in a particular cell type
Cells and proteins	2	Proteins	a	The proteome			The set of proteins expressed by a given cell type can vary over time and under different conditions
Cells and proteins	2	Proteins	b	The synthesis and transport of proteins	i	Intracellular membranes	Eukaryotic cells have a system of internal membranes, which increases the total area of membrane
Cells and proteins	2	Proteins	b	The synthesis and transport of proteins	i	Intracellular membranes	The endoplasmic reticulum (ER) forms a network of membrane tubules continuous with the nuclear membrane
Cells and proteins	2	Proteins	b	The synthesis and transport of proteins	i	Intracellular membranes	The Golgi apparatus is a series of flattened membrane discs
Cells and proteins	2	Proteins	b	The synthesis and transport of proteins	i	Intracellular membranes	Lysosomes are membrane-bound organelles containing a variety of hydrolases that digest proteins, lipids, nucleic acids and carbohydrates
Cells and proteins	2	Proteins	b	The synthesis and transport of proteins	i	Intracellular membranes	Vesicles transport materials between membrane compartments
Cells and proteins	2	Proteins	b	The synthesis and transport of proteins	ii	Synthesis of membrane components	Lipids and proteins are synthesised in the ER
Cells and proteins	2	Proteins	b	The synthesis and transport of proteins	ii	Synthesis of membrane components	Lipids are synthesised in the smooth endoplasmic reticulum (SER) and inserted into its membrane
Cells and proteins	2	Proteins	b	The synthesis and transport of proteins	ii	Synthesis of membrane components	The synthesis of all proteins begins in cytosolic ribosomes
Cells and proteins	2	Proteins	b	The synthesis and transport of proteins	ii	Synthesis of membrane components	The synthesis of cytosolic proteins is completed there, and these proteins remain in the cytosol
Cells and proteins	2	Proteins	b	The synthesis and transport of proteins	ii	Synthesis of membrane components	Transmembrane proteins carry a signal sequence, which halts translation and directs the ribosome synthesising the protein to dock with the ER, forming RER
Cells and proteins	2	Proteins	b	The synthesis and transport of proteins	ii	Synthesis of membrane components	Translation continues after docking, and the protein is inserted into the membrane of the ER
Cells and proteins	2	Proteins	b	The synthesis and transport of proteins	iii	Movement of proteins between membranes	Once the proteins are in the ER, they are transported by vesicles that bud off from the ER and fuse with the Golgi apparatus
Cells and proteins	2	Proteins	b	The synthesis and transport of proteins	iii	Movement of proteins between membranes	As proteins move through the Golgi apparatus they undergo post-translational modification
Cells and proteins	2	Proteins	b	The synthesis and transport of proteins	iii	Movement of proteins between membranes	The addition of carbohydrate groups is the major modification
Cells and proteins	2	Proteins	b	The synthesis and transport of proteins	iii	Movement of proteins between membranes	Vesicles that leave the Golgi apparatus take proteins to the plasma membrane and lysosomes
Cells and proteins	2	Proteins	b	The synthesis and transport of proteins	iii	Movement of proteins between membranes	Vesicles move along microtubules to other membranes and fuse with them within the cell
Cells and proteins	2	Proteins	b	The synthesis and transport of proteins	iv	The secretory pathway	Secreted proteins are translated in ribosomes on the RER and enter its lumen
Cells and proteins	2	Proteins	b	The synthesis and transport of proteins	iv	The secretory pathway	The proteins move through the Golgi apparatus and are then packaged into secretory vesicles
Cells and proteins	2	Proteins	b	The synthesis and transport of proteins	iv	The secretory pathway	These vesicles move to and fuse with the plasma membrane, releasing the proteins out of the cell
Cells and proteins	2	Proteins	b	The synthesis and transport of proteins	iv	The secretory pathway	Many secreted proteins are synthesised as inactive precursors and require proteolytic cleavage to produce active proteins
Cells and proteins	2	Proteins	c	Protein structure, ligand binding and conformational change	i	Amino acid sequence determines protein structure	Proteins are polymers of amino acid monomers
Cells and proteins	2	Proteins	c	Protein structure, ligand binding and conformational change	i	Amino acid sequence determines protein structure	Amino acids are linked by peptide bonds to form polypeptides
Cells and proteins	2	Proteins	c	Protein structure, ligand binding and conformational change	i	Amino acid sequence determines protein structure	Amino acids have the same basic structure, differing only in the R group present
Cells and proteins	2	Proteins	c	Protein structure, ligand binding and conformational change	i	Amino acid sequence determines protein structure	Amino acids are classified according to their R groups: basic (positively charged); acidic (negatively charged); polar; hydrophobic
Cells and proteins	2	Proteins	c	Protein structure, ligand binding and conformational change	i	Amino acid sequence determines protein structure	The wide range of functions carried out by proteins results from the diversity of R groups
Cells and proteins	2	Proteins	c	Protein structure, ligand binding and conformational change	i	Amino acid sequence determines protein structure	The primary structure is the sequence in which the amino acids are synthesised into the polypeptide
Cells and proteins	2	Proteins	c	Protein structure, ligand binding and conformational change	i	Amino acid sequence determines protein structure	Hydrogen bonding along the backbone of the protein strand results in regions of secondary structure — alpha helices, parallel or anti-parallel beta-pleated sheets, or turns
Cells and proteins	2	Proteins	c	Protein structure, ligand binding and conformational change	i	Amino acid sequence determines protein structure	The polypeptide folds into a tertiary structure
Cells and proteins	2	Proteins	c	Protein structure, ligand binding and conformational change	i	Amino acid sequence determines protein structure	This conformation is stabilised by interactions between R groups: hydrophobic interactions; ionic bonds; London dispersion forces; hydrogen bonds; disulfide bridges
Cells and proteins	2	Proteins	c	Protein structure, ligand binding and conformational change	i	Amino acid sequence determines protein structure	Quaternary structure exists in proteins with two or more connected polypeptide subunits
Cells and proteins	2	Proteins	c	Protein structure, ligand binding and conformational change	i	Amino acid sequence determines protein structure	A prosthetic group is a non-protein unit tightly bound to a protein and necessary for its function
Cells and proteins	2	Proteins	c	Protein structure, ligand binding and conformational change	i	Amino acid sequence determines protein structure	Interactions of the R groups can be influenced by temperature and pH
Cells and proteins	2	Proteins	c	Protein structure, ligand binding and conformational change	ii	Ligand binding changes the conformation of a protein A ligand is a substance that can bind to a protein	R groups not involved in protein folding can allow binding to ligands
Cells and proteins	2	Proteins	c	Protein structure, ligand binding and conformational change	ii	Ligand binding changes the conformation of a protein A ligand is a substance that can bind to a protein	Binding sites will have complementary shape and chemistry to the ligand
Cells and proteins	2	Proteins	c	Protein structure, ligand binding and conformational change	ii	Ligand binding changes the conformation of a protein A ligand is a substance that can bind to a protein	As a ligand binds to a protein-binding site the conformation of the protein changes
Cells and proteins	2	Proteins	c	Protein structure, ligand binding and conformational change	ii	Ligand binding changes the conformation of a protein A ligand is a substance that can bind to a protein	This change in conformation causes a functional change in the protein
Cells and proteins	2	Proteins	c	Protein structure, ligand binding and conformational change	ii	Ligand binding changes the conformation of a protein A ligand is a substance that can bind to a protein	Allosteric interactions occur between spatially distinct sites
Cells and proteins	2	Proteins	c	Protein structure, ligand binding and conformational change	ii	Ligand binding changes the conformation of a protein A ligand is a substance that can bind to a protein	Many allosteric proteins consist of multiple subunits (have quaternary structure)
Cells and proteins	2	Proteins	c	Protein structure, ligand binding and conformational change	ii	Ligand binding changes the conformation of a protein A ligand is a substance that can bind to a protein	Allosteric proteins with multiple subunits show co-operativity in binding, in which changes in binding at one subunit alter the affinity of the remaining subunits
Cells and proteins	2	Proteins	c	Protein structure, ligand binding and conformational change	ii	Ligand binding changes the conformation of a protein A ligand is a substance that can bind to a protein	Allosteric enzymes contain a second type of site, called an allosteric site
Cells and proteins	2	Proteins	c	Protein structure, ligand binding and conformational change	ii	Ligand binding changes the conformation of a protein A ligand is a substance that can bind to a protein	Modulators regulate the activity of the enzyme when they bind to the allosteric site
Cells and proteins	2	Proteins	c	Protein structure, ligand binding and conformational change	ii	Ligand binding changes the conformation of a protein A ligand is a substance that can bind to a protein	Following binding of a modulator, the conformation of the enzyme changes and this alters the affinity of the active site for the substrate
Cells and proteins	2	Proteins	c	Protein structure, ligand binding and conformational change	ii	Ligand binding changes the conformation of a protein A ligand is a substance that can bind to a protein	The binding and release of oxygen in haemoglobin shows co-operativity
Cells and proteins	2	Proteins	c	Protein structure, ligand binding and conformational change	ii	Ligand binding changes the conformation of a protein A ligand is a substance that can bind to a protein	The influence and physiological importance of temperature and pH on the binding of oxygen
Cells and proteins	2	Proteins	c	Protein structure, ligand binding and conformational change	iii	Reversible binding of phosphate and the control of conformation	The addition or removal of phosphate can cause reversible conformational change in proteins
Cells and proteins	2	Proteins	c	Protein structure, ligand binding and conformational change	iii	Reversible binding of phosphate and the control of conformation	This is a common form of post-translational modification
Cells and proteins	2	Proteins	c	Protein structure, ligand binding and conformational change	iii	Reversible binding of phosphate and the control of conformation	Protein kinases catalyse the transfer of a phosphate group to other proteins
Cells and proteins	2	Proteins	c	Protein structure, ligand binding and conformational change	iii	Reversible binding of phosphate and the control of conformation	The terminal phosphate of ATP is transferred to specific R groups
Cells and proteins	2	Proteins	c	Protein structure, ligand binding and conformational change	iii	Reversible binding of phosphate and the control of conformation	Protein phosphatases catalyse the reverse reaction
Cells and proteins	2	Proteins	c	Protein structure, ligand binding and conformational change	iii	Reversible binding of phosphate and the control of conformation	Phosphorylation brings about conformational changes, which can affect a protein’s activity
Cells and proteins	2	Proteins	c	Protein structure, ligand binding and conformational change	iii	Reversible binding of phosphate and the control of conformation	The activity of many cellular proteins, such as enzymes and receptors, is regulated in this way
Cells and proteins	2	Proteins	c	Protein structure, ligand binding and conformational change	iii	Reversible binding of phosphate and the control of conformation	Some proteins are activated by phosphorylation while others are inhibited
Cells and proteins	3	Membrane proteins	a	Movement of molecules across membranes			Knowledge of the fluid mosaic model of cell membranes
Cells and proteins	3	Membrane proteins	a	Movement of molecules across membranes			Regions of hydrophobic R groups allow strong hydrophobic interactions that hold integral membrane proteins within the phospholipid bilayer
Cells and proteins	3	Membrane proteins	a	Movement of molecules across membranes			Some integral membrane proteins are transmembrane proteins
Cells and proteins	3	Membrane proteins	a	Movement of molecules across membranes			Peripheral membrane proteins have hydrophilic R groups on their surface and are bound to the surface of membranes, mainly by ionic and hydrogen bond interactions
Cells and proteins	3	Membrane proteins	a	Movement of molecules across membranes			Many peripheral membrane proteins interact with the surfaces of integral membrane proteins
Cells and proteins	3	Membrane proteins	a	Movement of molecules across membranes			The phospholipid bilayer is a barrier to ions and most uncharged polar molecules
Cells and proteins	3	Membrane proteins	a	Movement of molecules across membranes			Some small molecules, such as oxygen and carbon dioxide, pass through the bilayer by simple diffusion
Cells and proteins	3	Membrane proteins	a	Movement of molecules across membranes			Facilitated diffusion is the passive transport of substances across the membrane through specific transmembrane proteins
Cells and proteins	3	Membrane proteins	a	Movement of molecules across membranes			To perform specialised functions, different cell types have different channel and transporter proteins
Cells and proteins	3	Membrane proteins	a	Movement of molecules across membranes			Most channel proteins in animal and plant cells are highly selective
Cells and proteins	3	Membrane proteins	a	Movement of molecules across membranes			Some channel proteins are gated and change conformation to allow or prevent diffusion
Cells and proteins	3	Membrane proteins	a	Movement of molecules across membranes			Ligand-gated channels are controlled by the binding of signal molecules, and  voltage-gated channels are controlled by changes in ion concentration
Cells and proteins	3	Membrane proteins	a	Movement of molecules across membranes			Transporter proteins bind to the specific substance to be transported and undergo a conformational change to transfer the solute across the membrane
Cells and proteins	3	Membrane proteins	a	Movement of molecules across membranes			Active transport uses pump proteins that transfer substances across the membrane against their concentration gradient
Cells and proteins	3	Membrane proteins	a	Movement of molecules across membranes			A source of metabolic energy is required for active transport
Cells and proteins	3	Membrane proteins	a	Movement of molecules across membranes			Some active transport proteins hydrolyse ATP directly to provide the energy for the conformational change required to move substances across the membrane
Cells and proteins	3	Membrane proteins	b	Ion transport pumps and generation of ion gradients			For a solute carrying a net charge, the concentration gradient and the electrical potential difference combine to form the electrochemical gradient that determines the transport of the solute
Cells and proteins	3	Membrane proteins	b	Ion transport pumps and generation of ion gradients			Ion pumps, such as the sodium-potassium pump, use energy from the hydrolysis of ATP to establish and maintain ion gradients
Cells and proteins	3	Membrane proteins	b	Ion transport pumps and generation of ion gradients			The sodium-potassium pump transports ions against a steep concentration gradient using energy directly from ATP hydrolysis
Cells and proteins	3	Membrane proteins	b	Ion transport pumps and generation of ion gradients			It actively transports sodium ions out of the cell and potassium ions into the cell
Cells and proteins	3	Membrane proteins	b	Ion transport pumps and generation of ion gradients			The pump has high affinity for sodium ions inside the cell; binding occurs; phosphorylation by ATP; conformation changes; affinity for sodium ions decreases; sodium ions released outside of the cell; potassium ions bind outside the cell; dephosphorylation; conformation changes; potassium ions taken into cell; affinity returns to start
Cells and proteins	3	Membrane proteins	b	Ion transport pumps and generation of ion gradients			The sodium-potassium pump is found in most animal cells, accounting for a high proportion of the basal metabolic rate in many organisms
Cells and proteins	3	Membrane proteins	b	Ion transport pumps and generation of ion gradients			In the small intestine, the sodium gradient created by the sodium-potassium pump drives the active transport of glucose
Cells and proteins	3	Membrane proteins	b	Ion transport pumps and generation of ion gradients			The glucose transporter responsible for this glucose symport transports sodium ions and glucose at the same time and in the same direction
Cells and proteins	4	Communication and signalling	a	Co-ordination			Multicellular organisms signal between cells using extracellular signalling molecules
Cells and proteins	4	Communication and signalling	a	Co-ordination			Receptor molecules of target cells are proteins with a binding site for a specific signal molecule
Cells and proteins	4	Communication and signalling	a	Co-ordination			Binding changes the conformation of the receptor, which initiates a response within the cell
Cells and proteins	4	Communication and signalling	a	Co-ordination			Different cell types produce specific signals that can only be detected and responded to by cells with the specific receptor
Cells and proteins	4	Communication and signalling	a	Co-ordination			In a multicellular organism, different cell types may show a tissue-specific response to the same signal
Cells and proteins	4	Communication and signalling	b	Hydrophobic signals and control of transcription			Hydrophobic signalling molecules can diffuse directly through the phospholipid bilayers of membranes, and so bind to intracellular receptors
Cells and proteins	4	Communication and signalling	b	Hydrophobic signals and control of transcription			The receptors for hydrophobic signalling molecules are transcription factors
Cells and proteins	4	Communication and signalling	b	Hydrophobic signals and control of transcription			The steroid hormones oestrogen and testosterone are examples of hydrophobic signalling molecules
Cells and proteins	4	Communication and signalling	b	Hydrophobic signals and control of transcription			Steroid hormones bind to specific receptors in the cytosol or the nucleus
Cells and proteins	4	Communication and signalling	b	Hydrophobic signals and control of transcription			The hormone-receptor complex moves to the nucleus where it binds to specific sites on DNA and affects gene expression
Cells and proteins	4	Communication and signalling	c	Hydrophilic signals and transduction			Hydrophilic signalling molecules bind to transmembrane receptors and do not enter the cytosol
Cells and proteins	4	Communication and signalling	c	Hydrophilic signals and transduction			Transmembrane receptors change conformation when the ligand binds to the extracellular face; the signal molecule does not enter the cell, but the signal is transduced across the plasma membrane
Cells and proteins	4	Communication and signalling	c	Hydrophilic signals and transduction			Transmembrane receptors act as signal transducers by converting the extracellular ligandbinding event into intracellular signals, which alters the behaviour of the cell
Cells and proteins	4	Communication and signalling	c	Hydrophilic signals and transduction			Transduced hydrophilic signals often involve G-proteins or cascades of phosphorylation by kinase enzymes
Cells and proteins	4	Communication and signalling	c	Hydrophilic signals and transduction			Phosphorylation cascades allow more than one intracellular signalling pathway to be activated
Cells and proteins	4	Communication and signalling	c	Hydrophilic signals and transduction			Binding of the peptide hormone insulin to its receptor results in an intracellular signalling cascade that triggers recruitment of GLUT4 glucose transporter proteins to the cell membrane of fat and muscle cells
Cells and proteins	4	Communication and signalling	c	Hydrophilic signals and transduction			Diabetes mellitus can be caused by failure to produce insulin (type 1) or loss of receptor function (type 2)
Cells and proteins	4	Communication and signalling	c	Hydrophilic signals and transduction			Type 2 is generally associated with obesity
Cells and proteins	4	Communication and signalling	c	Hydrophilic signals and transduction			Exercise also triggers recruitment of GLUT4, so can improve uptake of glucose to fat and muscle cells in subjects with type 2
Cells and proteins	4	Communication and signalling	d	Nerve impulse transmission	i	Generation of a nerve impulse	Resting membrane potential is a state where there is no net flow of ions across the membrane
Cells and proteins	4	Communication and signalling	d	Nerve impulse transmission	i	Generation of a nerve impulse	The transmission of a nerve impulse requires changes in the membrane potential of the neuron’s plasma membrane
Cells and proteins	4	Communication and signalling	d	Nerve impulse transmission	i	Generation of a nerve impulse	An action potential is a wave of electrical excitation along a neuron’s plasma membrane
Cells and proteins	4	Communication and signalling	d	Nerve impulse transmission	i	Generation of a nerve impulse	Neurotransmitters initiate a response by binding to their receptors at a synapse
Cells and proteins	4	Communication and signalling	d	Nerve impulse transmission	i	Generation of a nerve impulse	Depolarisation of the plasma membrane as a result of the entry of positive ions triggers the opening of voltage-gated sodium channels, and further depolarisation occurs
Cells and proteins	4	Communication and signalling	d	Nerve impulse transmission	i	Generation of a nerve impulse	Inactivation of the sodium channels and the opening of potassium channels restores the resting membrane potential
Cells and proteins	4	Communication and signalling	d	Nerve impulse transmission	i	Generation of a nerve impulse	Depolarisation of a patch of membrane causes neighbouring regions of membrane to depolarise and go through the same cycle, as adjacent voltage-gated sodium channels are opened
Cells and proteins	4	Communication and signalling	d	Nerve impulse transmission	i	Generation of a nerve impulse	When the action potential reaches the end of the neuron it causes vesicles containing neurotransmitter to fuse with the membrane — this releases neurotransmitter, which stimulates a response in a connecting cell
Cells and proteins	4	Communication and signalling	d	Nerve impulse transmission	i	Generation of a nerve impulse	Restoration of the resting membrane potential allows the inactive voltage-gated sodium channels to return to a conformation that allows them to open again in response to depolarisation of the membrane
Cells and proteins	4	Communication and signalling	d	Nerve impulse transmission	i	Generation of a nerve impulse	Ion concentration gradients are re-established by the sodium-potassium pump, which actively transports excess ions in and out of the cell
Cells and proteins	4	Communication and signalling	d	Nerve impulse transmission	ii	Initiation of a nerve impulse in response to an environmental stimulus: the vertebrate eye	The retina is the area within the eye that detects light and contains two types of photoreceptor cells: rods and cones
Cells and proteins	4	Communication and signalling	d	Nerve impulse transmission	ii	Initiation of a nerve impulse in response to an environmental stimulus: the vertebrate eye	In animals the light-sensitive molecule retinal is combined with a membrane protein, opsin, to form the photoreceptors of the eye
Cells and proteins	4	Communication and signalling	d	Nerve impulse transmission	ii	Initiation of a nerve impulse in response to an environmental stimulus: the vertebrate eye	In rod cells the retinal-opsin complex is called rhodopsin
Cells and proteins	4	Communication and signalling	d	Nerve impulse transmission	ii	Initiation of a nerve impulse in response to an environmental stimulus: the vertebrate eye	Retinal absorbs a photon of light and rhodopsin changes conformation to photoexcited rhodopsin
Cells and proteins	4	Communication and signalling	d	Nerve impulse transmission	ii	Initiation of a nerve impulse in response to an environmental stimulus: the vertebrate eye	A cascade of proteins amplifies the signal
Cells and proteins	4	Communication and signalling	d	Nerve impulse transmission	ii	Initiation of a nerve impulse in response to an environmental stimulus: the vertebrate eye	Photoexcited rhodopsin activates a G-protein, called transducin, which activates the enzyme phosphodiesterase (PDE)
Cells and proteins	4	Communication and signalling	d	Nerve impulse transmission	ii	Initiation of a nerve impulse in response to an environmental stimulus: the vertebrate eye	PDE catalyses the hydrolysis of a molecule called cyclic GMP (cGMP)
Cells and proteins	4	Communication and signalling	d	Nerve impulse transmission	ii	Initiation of a nerve impulse in response to an environmental stimulus: the vertebrate eye	This results in the closure of ion channels in the membrane of the rod cells, which triggers nerve impulses in neurons in the retina
Cells and proteins	4	Communication and signalling	d	Nerve impulse transmission	ii	Initiation of a nerve impulse in response to an environmental stimulus: the vertebrate eye	A very high degree of amplification results in rod cells being able to respond to low intensities of light
Cells and proteins	4	Communication and signalling	d	Nerve impulse transmission	ii	Initiation of a nerve impulse in response to an environmental stimulus: the vertebrate eye	In cone cells, different forms of opsin combine with retinal to give different photoreceptor proteins, each with a maximal sensitivity to specific wavelengths: red, green, blue or UV
Cells and proteins	5	Protein control of cell division	a	The cytoskeleton and cell division			The cytoskeleton gives mechanical support and shape to cells
Cells and proteins	5	Protein control of cell division	a	The cytoskeleton and cell division			It consists of different protein structures including microtubules, which are found in all eukaryotic cells
Cells and proteins	5	Protein control of cell division	a	The cytoskeleton and cell division			Microtubules control the movement of membrane-bound organelles and chromosomes
Cells and proteins	5	Protein control of cell division	a	The cytoskeleton and cell division			Cell division requires remodelling of the cytoskeleton
Cells and proteins	5	Protein control of cell division	a	The cytoskeleton and cell division			Formation and breakdown of microtubules involves polymerisation and depolymerisation of tubulin
Cells and proteins	5	Protein control of cell division	a	The cytoskeleton and cell division			Microtubules form the spindle fibres that are active during cell division
Cells and proteins	5	Protein control of cell division	b	The cell cycle			The cell cycle consists of interphase and mitotic (M) phase
Cells and proteins	5	Protein control of cell division	b	The cell cycle			Mitotic phase involves mitosis and cytokinesis
Cells and proteins	5	Protein control of cell division	b	The cell cycle			Mitosis consists of prophase, metaphase, anaphase and telophase
Cells and proteins	5	Protein control of cell division	c	Control of the cell cycle			Progression through the cell cycle is controlled by checkpoints
Cells and proteins	5	Protein control of cell division	c	Control of the cell cycle			Cyclin proteins that accumulate during cell growth are involved in regulating the cell cycle
Cells and proteins	5	Protein control of cell division	c	Control of the cell cycle			At the G1 checkpoint, retinoblastoma protein (Rb) acts as a tumour suppressor by inhibiting the transcription of genes that code for proteins needed for DNA replication
Cells and proteins	5	Protein control of cell division	c	Control of the cell cycle			Phosphorylation by G1 cyclin-CDK inhibits the retinoblastoma protein (Rb)
Cells and proteins	5	Protein control of cell division	c	Control of the cell cycle			At the G2 checkpoint, the success of DNA replication and any damage to DNA is assessed
Cells and proteins	5	Protein control of cell division	c	Control of the cell cycle			DNA damage triggers the activation of several proteins including p53 that can stimulate DNA repair, arrest the cell cycle or cause cell death
Cells and proteins	5	Protein control of cell division	c	Control of the cell cycle			A metaphase checkpoint controls progression from metaphase to anaphase
Cells and proteins	5	Protein control of cell division	c	Control of the cell cycle			An uncontrolled reduction in the rate of the cell cycle may result in degenerative disease
Cells and proteins	5	Protein control of cell division	c	Control of the cell cycle			An uncontrolled increase in the rate of the cell cycle may result in tumour formation
Cells and proteins	5	Protein control of cell division	c	Control of the cell cycle			A proto-oncogene is a normal gene, usually involved in the control of cell growth or division, which can mutate to form a tumour-promoting oncogene
Cells and proteins	5	Protein control of cell division	d	Control of programmed cell death (apoptosis)			Apoptosis is triggered by cell death signals that can be external or internal
Cells and proteins	5	Protein control of cell division	d	Control of programmed cell death (apoptosis)			External death signal molecules bind to a surface receptor protein and trigger a protein cascade within the cytoplasm
Cells and proteins	5	Protein control of cell division	d	Control of programmed cell death (apoptosis)			An internal death signal resulting from DNA damage causes activation of p53 tumoursuppressor protein
Cells and proteins	5	Protein control of cell division	d	Control of programmed cell death (apoptosis)			Both types of death signal result in the activation of caspases (types of protease enzyme) that cause the destruction of the cell
Cells and proteins	5	Protein control of cell division	d	Control of programmed cell death (apoptosis)			Apoptosis is essential during development of an organism to remove cells no longer required as development progresses or during metamorphosis
Cells and proteins	5	Protein control of cell division	d	Control of programmed cell death (apoptosis)			Cells may initiate apoptosis in the absence of growth factors
Organisms and evolution	5	Protein control of cell division	d	Control of programmed cell death (apoptosis)			#Organisms and evolution
Organisms and evolution	1	Field techniques for biologists	a	Health and safety			Aspects of fieldwork can present a hazard
Organisms and evolution	1	Field techniques for biologists	a	Health and safety			Hazard, risk, and control of risk by risk assessment
Organisms and evolution	1	Field techniques for biologists	b	Sampling of wild organisms			Sampling should be carried out in a manner that minimises impact on wild species and habitats
Organisms and evolution	1	Field techniques for biologists	b	Sampling of wild organisms			Consideration must be given to rare and vulnerable species and habitats that are protected by legislation
Organisms and evolution	1	Field techniques for biologists	b	Sampling of wild organisms			The chosen technique, point count, transect or remote detection must be appropriate to the species being sampled
Organisms and evolution	1	Field techniques for biologists	b	Sampling of wild organisms			Quadrats, of suitable size and shape, or transects are used for plants and other sessile or slow-moving organisms
Organisms and evolution	1	Field techniques for biologists	b	Sampling of wild organisms			Capture techniques, such as traps and nets, are used for mobile species
Organisms and evolution	1	Field techniques for biologists	b	Sampling of wild organisms			Elusive species can be sampled directly using camera traps or an indirect method, such as scat sampling
Organisms and evolution	1	Field techniques for biologists	c	Identification and taxonomy			Identification of an organism in a sample can be made using classification guides, biological keys, or analysis of DNA or protein
Organisms and evolution	1	Field techniques for biologists	c	Identification and taxonomy			Organisms can be classified by both taxonomy and phylogenetics
Organisms and evolution	1	Field techniques for biologists	c	Identification and taxonomy			Taxonomy involves the identification and naming of organisms and their classification into groups based on shared characteristics
Organisms and evolution	1	Field techniques for biologists	c	Identification and taxonomy			Phylogenetics is the study of the evolutionary history and relationships among individuals or groups of organisms
Organisms and evolution	1	Field techniques for biologists	c	Identification and taxonomy			Phylogenetics is changing the traditional classification of many organisms
Organisms and evolution	1	Field techniques for biologists	c	Identification and taxonomy			Familiarity with taxonomic groupings allows predictions and inferences to be made about the biology of an organism from better-known (model) organisms
Organisms and evolution	1	Field techniques for biologists	c	Identification and taxonomy			Model organisms are those that are either easily studied or have been well studied
Organisms and evolution	1	Field techniques for biologists	c	Identification and taxonomy			Information obtained from them can be applied to other species that are more difficult to study directly
Organisms and evolution	1	Field techniques for biologists	d	Monitoring populations			Presence, absence or abundance of indicator species can give information of environmental qualities, such as presence of a pollutant
Organisms and evolution	1	Field techniques for biologists	d	Monitoring populations			Susceptible and favoured species can be used to monitor an ecosystem
Organisms and evolution	1	Field techniques for biologists	d	Monitoring populations			Procedure for the mark and recapture technique as a method for estimating population
Organisms and evolution	1	Field techniques for biologists	d	Monitoring populations			MC
Organisms and evolution	1	Field techniques for biologists	d	Monitoring populations			size using the formula N=
Organisms and evolution	1	Field techniques for biologists	d	Monitoring populations			R
Organisms and evolution	1	Field techniques for biologists	d	Monitoring populations			Methods of marking animals such as: banding, tagging, surgical implantation, painting and hair clipping
Organisms and evolution	1	Field techniques for biologists	d	Monitoring populations			The method of marking and subsequent observation must minimise the impact on the study species
Organisms and evolution	1	Field techniques for biologists	e	Measuring and recording animal behaviour			Some of the measurements used to quantify animal behaviour are latency, frequency and duration
Organisms and evolution	1	Field techniques for biologists	e	Measuring and recording animal behaviour			An ethogram of the behaviours shown by a species in a wild context allows the construction of time budgets
Organisms and evolution	1	Field techniques for biologists	e	Measuring and recording animal behaviour			The importance of avoiding anthropomorphism when analysing behaviour
Organisms and evolution	2	Evolution	a	Drift and selection			Evolution is the change over time in the proportion of individuals in a population differing in one or more inherited traits
Organisms and evolution	2	Evolution	a	Drift and selection			During evolution, changes in allele frequency occur through the non-random processes of natural selection and sexual selection, and the random process of genetic drift
Organisms and evolution	2	Evolution	a	Drift and selection			Natural selection acts on genetic variation in populations
Organisms and evolution	2	Evolution	a	Drift and selection			Populations produce more offspring than the environment can support
Organisms and evolution	2	Evolution	a	Drift and selection			Individuals with variations that are better suited to their environment tend to survive longer and produce more offspring, breeding to pass on those alleles that conferred an advantage to the next generation
Organisms and evolution	2	Evolution	a	Drift and selection			Sexual selection is the non-random process involving the selection of alleles that increase the individual’s chances of mating and producing offspring
Organisms and evolution	2	Evolution	a	Drift and selection			Sexual selection may lead to sexual dimorphism
Organisms and evolution	2	Evolution	a	Drift and selection			Sexual selection can be due to male-male rivalry and female choice
Organisms and evolution	2	Evolution	a	Drift and selection			Genetic drift occurs when chance events cause unpredictable fluctuations in allele frequencies from one generation to the next
Organisms and evolution	2	Evolution	a	Drift and selection			Genetic drift is more important in small populations, as alleles are more likely to be lost from the gene pool
Organisms and evolution	2	Evolution	a	Drift and selection			The importance of bottleneck and founder effects on genetic drift
Organisms and evolution	2	Evolution	a	Drift and selection			A gene pool is altered by genetic drift because certain alleles may be under-represented or over-represented and allele frequencies change
Organisms and evolution	2	Evolution	a	Drift and selection			Where selection pressures are strong, the rate of evolution can be rapid
Organisms and evolution	2	Evolution	a	Drift and selection			The Hardy-Weinberg (HW) principle states that, in the absence of evolutionary influences, allele and genotype frequencies in a population will remain constant over the generations
Organisms and evolution	2	Evolution	a	Drift and selection			The HW principle can be used to determine whether a change in allele frequency is occurring in a population over time
Organisms and evolution	2	Evolution	a	Drift and selection			Changes suggest evolution is occurring
Organisms and evolution	2	Evolution	b	Fitness			Fitness is an indication of an individual’s ability to be successful at surviving and reproducing
Organisms and evolution	2	Evolution	b	Fitness			It refers to the contribution made to the gene pool of the next generation by individual genotypes
Organisms and evolution	2	Evolution	b	Fitness			Fitness can be defined in absolute or relative terms
Organisms and evolution	2	Evolution	b	Fitness			Absolute fitness is the ratio between the frequency of individuals of a particular genotype after selection, to those before selection
Organisms and evolution	2	Evolution	b	Fitness			Relative fitness is the ratio of the number of surviving offspring per individual of a particular genotype to the number of surviving offspring per individual of the most successful genotype
Organisms and evolution	2	Evolution	c	Co-evolution			Co-evolution is the process by which two or more species evolve in response to selection pressures imposed by each other
Organisms and evolution	2	Evolution	c	Co-evolution			A change in the traits of one species acts as a selection pressure on the other species
Organisms and evolution	2	Evolution	c	Co-evolution			Co-evolution is frequently seen in pairs of species that have symbiotic interactions
Organisms and evolution	2	Evolution	c	Co-evolution			The impacts of these relationships can be positive (+), negative (-) or neutral (0) for the individuals involved
Organisms and evolution	2	Evolution	c	Co-evolution			Mutualism, commensalism, and parasitism are types of symbiotic interactions
Organisms and evolution	2	Evolution	c	Co-evolution			The Red Queen hypothesis states that, in a co-evolutionary relationship, change in the traits of one species can act as a selection pressure on the other species
Organisms and evolution	2	Evolution	c	Co-evolution			This means that species in these relationships must adapt to avoid extinction
Organisms and evolution	3	Variation and sexual reproduction	a	Costs and benefits of sexual and asexual reproduction			Costs of sexual reproduction: males unable to produce offspring; only half of each parent’s genome passed onto offspring, disrupting successful parental genomes
Organisms and evolution	3	Variation and sexual reproduction	a	Costs and benefits of sexual and asexual reproduction			Benefits outweigh costs due to an increase in genetic variation in the population
Organisms and evolution	3	Variation and sexual reproduction	a	Costs and benefits of sexual and asexual reproduction			Genetic variation provides the raw material required for adaptation, giving sexually reproducing organisms a better chance of survival under changing selection pressures
Organisms and evolution	3	Variation and sexual reproduction	a	Costs and benefits of sexual and asexual reproduction			The Red Queen hypothesis to explain the persistence of sexual reproduction
Organisms and evolution	3	Variation and sexual reproduction	a	Costs and benefits of sexual and asexual reproduction			Co-evolutionary interactions between parasites and hosts may select for sexually reproducing hosts
Organisms and evolution	3	Variation and sexual reproduction	a	Costs and benefits of sexual and asexual reproduction			If hosts reproduce sexually, the genetic variability in their offspring reduces the chances that all will be susceptible to infection by parasites
Organisms and evolution	3	Variation and sexual reproduction	a	Costs and benefits of sexual and asexual reproduction			Asexual reproduction can be a successful reproductive strategy as whole genomes are passed on from parent to offspring
Organisms and evolution	3	Variation and sexual reproduction	a	Costs and benefits of sexual and asexual reproduction			Maintaining the genome of the parent is an advantage particularly in very narrow, stable niches or when re-colonising disturbed habitats
Organisms and evolution	3	Variation and sexual reproduction	a	Costs and benefits of sexual and asexual reproduction			Vegetative cloning in plants and parthenogenesis in lower plants and animals that lack fertilisation are examples of asexual reproduction in eukaryotes
Organisms and evolution	3	Variation and sexual reproduction	a	Costs and benefits of sexual and asexual reproduction			Offspring can be reproduced more often and in larger numbers with asexual reproduction
Organisms and evolution	3	Variation and sexual reproduction	a	Costs and benefits of sexual and asexual reproduction			Parthenogenesis is more common in cooler climates, which are disadvantageous to parasites, or regions of low parasite density or diversity
Organisms and evolution	3	Variation and sexual reproduction	a	Costs and benefits of sexual and asexual reproduction			Asexually reproducing populations are not able to adapt easily to changes in their environment, but mutations can occur that provide some degree of variation and enable some natural selection and evolution to occur
Organisms and evolution	3	Variation and sexual reproduction	a	Costs and benefits of sexual and asexual reproduction			Organisms that reproduce principally by asexual reproduction also often have mechanisms for horizontal gene transfer between individuals to increase variation, for example the plasmids of bacteria and yeasts
Organisms and evolution	3	Variation and sexual reproduction	b	Meiosis			Meiosis is the division of the nucleus that results in the formation of haploid gametes from a diploid gametocyte
Organisms and evolution	3	Variation and sexual reproduction	b	Meiosis			In diploid cells, chromosomes typically appear as homologous pairs
Organisms and evolution	3	Variation and sexual reproduction	b	Meiosis			Meiosis I
Organisms and evolution	3	Variation and sexual reproduction	b	Meiosis			The chromosomes, which have replicated prior to meiosis I, each consist of two genetically identical chromatids attached at the centromere
Organisms and evolution	3	Variation and sexual reproduction	b	Meiosis			The chromosomes condense and the homologous chromosomes pair up
Organisms and evolution	3	Variation and sexual reproduction	b	Meiosis			Chiasmata form at points of contact between the non-sister chromatids of a homologous pair and sections of DNA are exchanged
Organisms and evolution	3	Variation and sexual reproduction	b	Meiosis			This crossing over of DNA is random and produces genetically different recombinant chromosomes
Organisms and evolution	3	Variation and sexual reproduction	b	Meiosis			Spindle fibres attach to the homologous pairs and line them up at the equator of the spindle
Organisms and evolution	3	Variation and sexual reproduction	b	Meiosis			The orientation of the pairs of homologous chromosomes at the equator is random
Organisms and evolution	3	Variation and sexual reproduction	b	Meiosis			The chromosomes of each homologous pair are separated and move towards opposite poles
Organisms and evolution	3	Variation and sexual reproduction	b	Meiosis			Cytokinesis occurs and two daughter cells form
Organisms and evolution	3	Variation and sexual reproduction	b	Meiosis			Meiosis II
Organisms and evolution	3	Variation and sexual reproduction	b	Meiosis			Each of the two cells produced in meiosis I undergoes a further division during which the sister chromatids of each chromosome are separated
Organisms and evolution	3	Variation and sexual reproduction	c	Sex determination			The sex of birds, mammals and some insects is determined by the presence of sex chromosomes
Organisms and evolution	3	Variation and sexual reproduction	c	Sex determination			In most mammals the SRY gene on the Y chromosome determines development of male characteristics
Organisms and evolution	3	Variation and sexual reproduction	c	Sex determination			Heterogametic (XY) males lack most of the corresponding homologous alleles on the shorter (Y) chromosome
Organisms and evolution	3	Variation and sexual reproduction	c	Sex determination			This can result in sex-linked patterns of inheritance as seen with carrier females (XBXb) and affected males (XbY)
Organisms and evolution	3	Variation and sexual reproduction	c	Sex determination			In homogametic females (XX) one of the two X chromosomes present in each cell is randomly inactivated at an early stage of development
Organisms and evolution	3	Variation and sexual reproduction	c	Sex determination			X chromosome inactivation prevents a double dose of gene products, which could be harmful to cells
Organisms and evolution	3	Variation and sexual reproduction	c	Sex determination			Carriers are less likely to be affected by any deleterious mutations on these X chromosomes
Organisms and evolution	3	Variation and sexual reproduction	c	Sex determination			As the X chromosome inactivated in each cell is random, half of the cells in any tissue will have a working copy of the gene in question
Organisms and evolution	3	Variation and sexual reproduction	c	Sex determination			Hermaphrodites are species that have functioning male and female reproductive organs in each individual
Organisms and evolution	3	Variation and sexual reproduction	c	Sex determination			They produce both male and female gametes and usually have a partner with which to exchange gametes
Organisms and evolution	3	Variation and sexual reproduction	c	Sex determination			The benefit to the individual organism is that if the chance of encountering a partner is an uncommon event, there is no requirement for that partner to be of the opposite sex
Organisms and evolution	3	Variation and sexual reproduction	c	Sex determination			For other species, environmental rather than genetic factors determine sex and sex ratio
Organisms and evolution	3	Variation and sexual reproduction	c	Sex determination			Sex can change within individuals of some species as a result of size, competition, or parasitic infection
Organisms and evolution	3	Variation and sexual reproduction	c	Sex determination			In some species the sex ratio of offspring can be adjusted in response to resource availability
Organisms and evolution	4	Sex and behaviour	a	Parental investment			Comparison of sperm and egg production in relation to number and energy store
Organisms and evolution	4	Sex and behaviour	a	Parental investment			Greater investment by females
Organisms and evolution	4	Sex and behaviour	a	Parental investment			Parental investment is costly but increases the probability of production and survival of young
Organisms and evolution	4	Sex and behaviour	a	Parental investment			Classification of r-selected (r-strategists) and K-selected (K-strategists) organisms based on level of parental investment in offspring and number of offspring produced
Organisms and evolution	4	Sex and behaviour	a	Parental investment			r-selection tends to occur in unstable environments where the species has not reached its reproductive capacity, whereas K-selection tends to occur in stable environments
Organisms and evolution	4	Sex and behaviour	a	Parental investment			Comparison of costs and benefits of external and internal fertilisation
Organisms and evolution	4	Sex and behaviour	b	Reproductive behaviours and mating systems in animals			Mating systems are based on how many mates an individual has during one breeding season
Organisms and evolution	4	Sex and behaviour	b	Reproductive behaviours and mating systems in animals			These range from polygamy (polygyny and polyandry) to monogamy
Organisms and evolution	4	Sex and behaviour	b	Reproductive behaviours and mating systems in animals			Many animals have mate-selection courtship rituals
Organisms and evolution	4	Sex and behaviour	b	Reproductive behaviours and mating systems in animals			Successful courtship behaviour in birds and fish can be a result of species-specific sign stimuli and fixed action pattern responses
Organisms and evolution	4	Sex and behaviour	b	Reproductive behaviours and mating systems in animals			Sexual selection selects for characteristics that have little survival benefit for the individual, but increase their chances of mating
Organisms and evolution	4	Sex and behaviour	b	Reproductive behaviours and mating systems in animals			Many species exhibit sexual dimorphism as a product of sexual selection
Organisms and evolution	4	Sex and behaviour	b	Reproductive behaviours and mating systems in animals			Reversed sexual dimorphism occurs in some species
Organisms and evolution	4	Sex and behaviour	b	Reproductive behaviours and mating systems in animals			Female choice involves females assessing honest signals of the fitness of males
Organisms and evolution	4	Sex and behaviour	b	Reproductive behaviours and mating systems in animals			In lekking species, males gather to display at a lek, where female choice occurs
Organisms and evolution	4	Sex and behaviour	b	Reproductive behaviours and mating systems in animals			Success in male-male rivalry through conflict (real or ritualised), increases access to females for mating
Organisms and evolution	5	Parasitism	a	(i) Niche			An ecological niche is a multi-dimensional summary of tolerances and requirements of a species
Organisms and evolution	5	Parasitism	a	(i) Niche			A species has a fundamental niche that it occupies in the absence of any interspecific competition
Organisms and evolution	5	Parasitism	a	(i) Niche			A realised niche is occupied in response to interspecific competition
Organisms and evolution	5	Parasitism	a	(i) Niche			As a result of interspecific competition, competitive exclusion can occur, where the niches of two species are so similar that one declines to local extinction
Organisms and evolution	5	Parasitism	a	(i) Niche			Where the realised niches are sufficiently different, potential competitors can co-exist by resource partitioning
Organisms and evolution	5	Parasitism	a	(i) Niche	ii	The parasite niche	Parasitism is a symbiotic interaction between a parasite and its host (+/-)
Organisms and evolution	5	Parasitism	a	(i) Niche	ii	The parasite niche	A parasite gains benefit in terms of nutrients at the expense of its host
Organisms and evolution	5	Parasitism	a	(i) Niche	ii	The parasite niche	Unlike in a predator–prey relationship, the reproductive potential of the parasite is greater than that of the host
Organisms and evolution	5	Parasitism	a	(i) Niche	ii	The parasite niche	Most parasites have a narrow (specialised) niche as they are very host-specific
Organisms and evolution	5	Parasitism	a	(i) Niche	ii	The parasite niche	As the host provides so many of the parasite’s needs, many parasites are degenerate, lacking structures and organs found in other organisms
Organisms and evolution	5	Parasitism	a	(i) Niche	ii	The parasite niche	An ectoparasite lives on the surface of its host, whereas an endoparasite lives within the tissues of its host
Organisms and evolution	5	Parasitism	b	Parasitic life cycles			Some parasites require only one host to complete their life cycle
Organisms and evolution	5	Parasitism	b	Parasitic life cycles			Many parasites require more than one host to complete their life cycle
Organisms and evolution	5	Parasitism	b	Parasitic life cycles			A vector plays an active role in the transmission of the parasite and may also be a host
Organisms and evolution	5	Parasitism	b	Parasitic life cycles			The human disease malaria is caused by Plasmodium
Organisms and evolution	5	Parasitism	b	Parasitic life cycles			Schistosomes cause the human disease schistosomiasis
Organisms and evolution	5	Parasitism	b	Parasitic life cycles			Viruses are parasites that can only replicate inside a host cell
Organisms and evolution	5	Parasitism	b	Parasitic life cycles			Viruses contain genetic material in the form of DNA or RNA, packaged in a protective protein coat
Organisms and evolution	5	Parasitism	b	Parasitic life cycles			Some viruses are surrounded by a phospholipid membrane derived from host cell materials
Organisms and evolution	5	Parasitism	b	Parasitic life cycles			The outer surface of a virus contains antigens that a host cell may or may not be able to detect as foreign
Organisms and evolution	5	Parasitism	b	Parasitic life cycles			Viral life cycle stages: infection of host cell with genetic material, host cell enzymes replicate viral genome, transcription of viral genes and translation of viral proteins, assembly and release of new viral particles
Organisms and evolution	5	Parasitism	b	Parasitic life cycles			RNA retroviruses use the enzyme reverse transcriptase to form DNA, which is then inserted into the genome of the host cell
Organisms and evolution	5	Parasitism	b	Parasitic life cycles			Viral genes can then be expressed to form new viral particles
Organisms and evolution	5	Parasitism	c	Transmission and virulence			Transmission is the spread of a parasite to a host
Organisms and evolution	5	Parasitism	c	Transmission and virulence			Virulence is the harm caused to a host species by a parasite
Organisms and evolution	5	Parasitism	c	Transmission and virulence			Ectoparasites are generally transmitted through direct contact
Organisms and evolution	5	Parasitism	c	Transmission and virulence			Endoparasites of the body tissues are often transmitted by vectors or by consumption of intermediate hosts
Organisms and evolution	5	Parasitism	c	Transmission and virulence			Factors that increase transmission rates:
Organisms and evolution	5	Parasitism	c	Transmission and virulence			? the overcrowding of hosts when they are at high density
Organisms and evolution	5	Parasitism	c	Transmission and virulence			? mechanisms, such as vectors and waterborne dispersal stages, that allow the parasite to spread even if infected hosts are incapacitated
Organisms and evolution	5	Parasitism	c	Transmission and virulence			Host behaviour is often exploited and modified by parasites to maximise transmission
Organisms and evolution	5	Parasitism	c	Transmission and virulence			The host behaviour becomes part of the extended phenotype of the parasite
Organisms and evolution	5	Parasitism	c	Transmission and virulence			Parasites often suppress the host immune system and modify host size and reproductive rate in ways that benefit the parasite growth, reproduction or transmission
Organisms and evolution	5	Parasitism	d	Defence against parasitic attack			Immune response in mammals has both non-specific and specific aspects
Organisms and evolution	5	Parasitism	d	Defence against parasitic attack			Non-specific defences
Organisms and evolution	5	Parasitism	d	Defence against parasitic attack			Physical barriers, chemical secretions, inflammatory response, phagocytes, and natural killer cells destroying cells infected with viruses are examples of non-specific defences
Organisms and evolution	5	Parasitism	d	Defence against parasitic attack			Specific cellular defences
Organisms and evolution	5	Parasitism	d	Defence against parasitic attack			A range of white blood cells constantly circulates, monitoring the tissues
Organisms and evolution	5	Parasitism	d	Defence against parasitic attack			If tissues become damaged or invaded, cells release cytokines that increase blood flow resulting in non-specific and specific white blood cells accumulating at the site of infection or tissue damage
Organisms and evolution	5	Parasitism	d	Defence against parasitic attack			Mammals contain many different lymphocytes, each possessing a receptor on its surface, which can potentially recognise a parasite antigen
Organisms and evolution	5	Parasitism	d	Defence against parasitic attack			Binding of an antigen to a lymphocyte’s receptor selects that lymphocyte to then divide and produce a clonal population of this lymphocyte
Organisms and evolution	5	Parasitism	d	Defence against parasitic attack			Some selected lymphocytes will produce antibodies, others can induce apoptosis in parasite-infected cells
Organisms and evolution	5	Parasitism	d	Defence against parasitic attack			Antibodies possess regions where the amino acid sequence varies greatly between different antibodies
Organisms and evolution	5	Parasitism	d	Defence against parasitic attack			This variable region gives the antibody its specificity for binding antigen
Organisms and evolution	5	Parasitism	d	Defence against parasitic attack			When the antigen binds to this binding site the antigen-antibody complex formed can result in inactivation of the parasite, rendering it susceptible to a phagocyte, or can stimulate a response that results in cell lysis
Organisms and evolution	5	Parasitism	d	Defence against parasitic attack			Memory lymphocyte cells are also formed
Organisms and evolution	5	Parasitism	e	Immune evasion			Parasites have evolved ways of evading the immune system
Organisms and evolution	5	Parasitism	e	Immune evasion			Endoparasites mimic host antigens to evade detection and modify host immune response to reduce their chances of destruction
Organisms and evolution	5	Parasitism	e	Immune evasion			Antigenic variation in some parasites allows them to change between different antigens during the course of infection of a host
Organisms and evolution	5	Parasitism	e	Immune evasion			It may also allow re-infection of the same host with the new variant
Organisms and evolution	5	Parasitism	e	Immune evasion			Some viruses escape immune surveillance by integrating their genome into host genomes, existing in an inactive state known as latency
Organisms and evolution	5	Parasitism	e	Immune evasion			The virus becomes active again when favourable conditions arise
Organisms and evolution	5	Parasitism	f	Challenges in treatment and control			Epidemiology is the study of the outbreak and spread of infectious disease
Organisms and evolution	5	Parasitism	f	Challenges in treatment and control			The herd immunity threshold is the density of resistant hosts in the population required to prevent an epidemic
Organisms and evolution	5	Parasitism	f	Challenges in treatment and control			Vaccines contain antigens that will elicit an immune response
Organisms and evolution	5	Parasitism	f	Challenges in treatment and control			The similarities between host and parasite metabolism makes it difficult to find drug compounds that only target the parasite
Organisms and evolution	5	Parasitism	f	Challenges in treatment and control			Antigenic variation has to be reflected in the design of vaccines
Organisms and evolution	5	Parasitism	f	Challenges in treatment and control			Some parasites are difficult to culture in the laboratory making it difficult to design vaccines
Organisms and evolution	5	Parasitism	f	Challenges in treatment and control			Challenges arise where parasites spread most rapidly as a result of overcrowding or tropical climates
Organisms and evolution	5	Parasitism	f	Challenges in treatment and control			These conditions make co-ordinated treatment and control programs difficult to achieve
Organisms and evolution	5	Parasitism	f	Challenges in treatment and control			Civil engineering projects to improve sanitation combined with co-ordinated vector control may often be the only practical control strategies
Organisms and evolution	5	Parasitism	f	Challenges in treatment and control			Improvements in parasite control reduce child mortality and result in population-wide improvements in child development and intelligence, as individuals have more resources for growth and development
Investigative biology	5	Parasitism	f	Challenges in treatment and control			#Investigative biology
Investigative biology	1	Scientific principles and process	a	Scientific method			Scientific cycle — observation; construction of a testable hypothesis; experimental design; gathering, recording, and analysis of data; evaluation of results and conclusions; the formation of a revised hypothesis where necessary
Investigative biology	1	Scientific principles and process	a	Scientific method			The null hypothesis proposes that there will be no statistically significant effect as a result of the experiment treatment
Investigative biology	1	Scientific principles and process	a	Scientific method			If there is evidence for an effect, unlikely due to chance, then the null hypothesis is rejected
Investigative biology	1	Scientific principles and process	a	Scientific method			Scientific ideas only become accepted once they have been checked independently
Investigative biology	1	Scientific principles and process	b	Scientific literature and communication			The importance of publication of methods, data, analysis, and conclusions in scientific reports so that others are able to repeat an experiment
Investigative biology	1	Scientific principles and process	b	Scientific literature and communication			The importance of peer review and critical evaluation by specialists with expertise in the relevant field
Investigative biology	1	Scientific principles and process	b	Scientific literature and communication			The use of review articles, which summarise current knowledge and recent findings in a particular field
Investigative biology	1	Scientific principles and process	b	Scientific literature and communication			Critical evaluation of science coverage in the wider media
Investigative biology	1	Scientific principles and process	b	Scientific literature and communication			Increasing the public understanding of science, and the issue of misrepresentation of science
Investigative biology	1	Scientific principles and process	c	Scientific ethics			Importance of integrity and honesty — unbiased presentation of results, citing and providing references, avoiding plagiarism
Investigative biology	1	Scientific principles and process	c	Scientific ethics			In animal studies, the concepts of replacement, reduction, and refinement are used to avoid, reduce or minimise the harm to animals
Investigative biology	1	Scientific principles and process	c	Scientific ethics			Informed consent, the right to withdraw, and confidentiality in human studies
Investigative biology	1	Scientific principles and process	c	Scientific ethics			The justification for scientific research and the assessment of any risks
Investigative biology	1	Scientific principles and process	c	Scientific ethics			The risk to and safety of subject species, individuals, investigators and the environment must be taken into account
Investigative biology	1	Scientific principles and process	c	Scientific ethics			Legislation, regulation, policy and funding can all influence scientific research
Investigative biology	2	Experimentation					Validity, reliability, accuracy and precision
Investigative biology	2	Experimentation	a	Pilot study			Integral to the development of an investigation, a pilot study is used to help plan procedures, assess validity and check techniques
Investigative biology	2	Experimentation	a	Pilot study			This allows evaluation and modification of experimental design
Investigative biology	2	Experimentation	a	Pilot study			The use of a pilot study can ensure an appropriate range of values for the independent variable
Investigative biology	2	Experimentation	a	Pilot study			In addition, it allows the investigator to establish the number of repeat measurements required to give a representative value for each independent datum point
Investigative biology	2	Experimentation	b	Experimental design	i	Independent and dependent variables	Independent and dependent variables can be continuous or discrete
Investigative biology	2	Experimentation	b	Experimental design	i	Independent and dependent variables	Experiments involve the manipulation of the independent variable by the investigator
Investigative biology	2	Experimentation	b	Experimental design	i	Independent and dependent variables	The experimental treatment group is compared to a control group
Investigative biology	2	Experimentation	b	Experimental design	i	Independent and dependent variables	The use and limitations of simple (one independent variable) and multifactorial (more than one independent variable) experimental designs
Investigative biology	2	Experimentation	b	Experimental design	i	Independent and dependent variables	Investigators may use groups that already exist, so there is no truly independent variable
Investigative biology	2	Experimentation	b	Experimental design	i	Independent and dependent variables	Observational studies are good at detecting correlation, but since they do not directly test a hypothesis, they are less useful for determining causation
Investigative biology	2	Experimentation	b	Experimental design	ii	Confounding variables	Due to the complexities of biological systems, other variables besides the independent variable may affect the dependent variable
Investigative biology	2	Experimentation	b	Experimental design	ii	Confounding variables	These confounding variables must be held constant if possible, or at least monitored so that their effect on the results can be accounted for in the analysis
Investigative biology	2	Experimentation	b	Experimental design	ii	Confounding variables	In cases where confounding variables cannot easily be controlled, a randomised block design could be used
Investigative biology	2	Experimentation	b	Experimental design	iii	Controls	Control results are used for comparison with the results of treatment groups
Investigative biology	2	Experimentation	b	Experimental design	iii	Controls	Negative and positive controls may be used
Investigative biology	2	Experimentation	b	Experimental design	iii	Controls	Use of placebos and the placebo effect
Investigative biology	2	Experimentation	b	Experimental design	iv	In vivo and in vitro studies	In vitro refers to the technique of performing a given procedure in a controlled environment outside of a living organism
Investigative biology	2	Experimentation	b	Experimental design	iv	In vivo and in vitro studies	In vivo refers to experimentation using a whole, living organism
Investigative biology	2	Experimentation	b	Experimental design	iv	In vivo and in vitro studies	Advantages and disadvantages of in vivo and in vitro studies
Investigative biology	2	Experimentation	c	Sampling			Where it is impractical to measure every individual, a representative sample of the population is selected
Investigative biology	2	Experimentation	c	Sampling			The extent of the natural variation within a population determines the appropriate sample size
Investigative biology	2	Experimentation	c	Sampling			More variable populations require a larger sample size
Investigative biology	2	Experimentation	c	Sampling			A representative sample should share the same mean and the same degree of variation about the mean as the population as a whole
Investigative biology	2	Experimentation	c	Sampling			Random, systematic and stratified sampling
Investigative biology	2	Experimentation	d	Reliability			Variation in experimental results may be due to the reliability of measurement methods and/or inherent variation in the specimens
Investigative biology	2	Experimentation	d	Reliability			The precision and accuracy of repeated measurements
Investigative biology	2	Experimentation	d	Reliability			The natural variation in the biological material being used can be determined by measuring a sample of individuals from the population
Investigative biology	2	Experimentation	d	Reliability			The mean of these repeated measurements will give an indication of the true value being measured
Investigative biology	2	Experimentation	d	Reliability			The range of values is a measure of the extent of variation in the results
Investigative biology	2	Experimentation	d	Reliability			If there is a narrow range then the variation is low
Investigative biology	2	Experimentation	d	Reliability			Independent replication should be carried out to produce independent data sets
Investigative biology	2	Experimentation	d	Reliability			These independent data sets should be compared to determine the reliability of the results
Investigative biology	2	Experimentation	e	Presentation of data			Discrete and continuous variables give rise to qualitative, quantitative, or ranked data
Investigative biology	2	Experimentation	e	Presentation of data			The type of variable being investigated has consequences for any graphical display or statistical tests that may be used
Investigative biology	2	Experimentation	e	Presentation of data			Identification and calculation of mean, median and mode
Investigative biology	2	Experimentation	e	Presentation of data			Use of box plots to show variation within and between data sets
Investigative biology	2	Experimentation	e	Presentation of data			Interpret error bars on graphical data
Investigative biology	2	Experimentation	e	Presentation of data			Correlation exists if there is a relationship between two variables
Investigative biology	2	Experimentation	e	Presentation of data			Positive and negative correlations
Investigative biology	2	Experimentation	e	Presentation of data			Strong and weak correlations
Investigative biology	3	Reporting and critical evaluation of biological research	a	Background information			Scientific reports should contain an explanatory title, an abstract including aims and findings, an introduction explaining the purpose and context of the study including the use of several sources, supporting statements, citations, and references
Investigative biology	3	Reporting and critical evaluation of biological research	b	Reporting and evaluating experimental design			A method section should contain sufficient information to allow another investigator to repeat the work
Investigative biology	3	Reporting and critical evaluation of biological research	b	Reporting and evaluating experimental design			Experimental design should address the intended aim and test the hypothesis
Investigative biology	3	Reporting and critical evaluation of biological research	b	Reporting and evaluating experimental design			Treatment effects should be compared to controls
Investigative biology	3	Reporting and critical evaluation of biological research	b	Reporting and evaluating experimental design			Any confounding variables should be taken into account or standardised across treatments
Investigative biology	3	Reporting and critical evaluation of biological research	b	Reporting and evaluating experimental design			The validity of an experiment may be compromised when factors other than the independent variable influence the value of the dependent variable
Investigative biology	3	Reporting and critical evaluation of biological research	b	Reporting and evaluating experimental design			The effect of selection bias and sample size on representative sampling
Investigative biology	3	Reporting and critical evaluation of biological research	c	Data analysis			The appropriate use of graphs, mean, median, mode, standard deviation and range in interpreting data
Investigative biology	3	Reporting and critical evaluation of biological research	c	Data analysis			Statistical tests are used to determine whether the differences between the means are likely or unlikely to have occurred by chance
Investigative biology	3	Reporting and critical evaluation of biological research	c	Data analysis			A statistically significant result is one that is unlikely to be due to chance alone
Investigative biology	3	Reporting and critical evaluation of biological research	c	Data analysis			Error bars indicate the variability of data around a mean
Investigative biology	3	Reporting and critical evaluation of biological research	c	Data analysis			If the treatment mean differs from the control mean sufficiently for their error bars not to overlap, this indicates that the difference may be significant
Investigative biology	3	Reporting and critical evaluation of biological research	d	Evaluating results and conclusions			Conclusions should refer to the aim, the results and the hypothesis
Investigative biology	3	Reporting and critical evaluation of biological research	d	Evaluating results and conclusions			The validity and reliability of the experimental design should be taken into account
Investigative biology	3	Reporting and critical evaluation of biological research	d	Evaluating results and conclusions			Consideration should be given as to whether the results can be attributed to correlation or causation
Investigative biology	3	Reporting and critical evaluation of biological research	d	Evaluating results and conclusions			Evaluation of conclusions should also refer to existing knowledge and the results of other investigations
